timestamp,speed_mode,image_error,turn_out,enc_left,enc_right,enc_diff,gyro_z,r_patch,l_patch,r_lost,l_lost,white_mid,white_nums,r_local,l_local,r_ring_flag,l_ring_flag,angle_ring,speed_out_l,speed_out_r
21:29:01.437,0,0,7,241,288,-47,248,0,0,0,0,114,90,0,0,0,0,253,11246,8491
21:29:01.437,0,0,7,241,288,-47,248,0,0,0,0,114,90,0,0,0,0,253,11246,9078
21:29:01.437,0,3,23,237,261,-24,253,0,0,0,0,114,90,0,0,0,0,253,11441,9078
21:29:01.437,0,3,23,237,261,-24,253,0,0,0,0,114,90,0,0,0,0,253,11441,9078
21:29:01.437,0,3,19,219,222,-3,1,0,0,0,0,112,88,0,0,0,0,253,11971,9972
21:29:01.437,0,3,24,242,261,-19,4,0,0,0,0,112,88,0,0,0,0,253,11703,9424
21:29:01.437,0,4,24,242,261,-19,4,0,0,0,0,112,88,0,0,0,0,253,11703,9424
21:29:01.437,0,4,23,256,298,-42,5,0,0,0,0,116,88,0,0,0,0,253,11576,8743
21:29:01.437,0,4,23,256,290,-34,4,0,0,0,0,116,88,0,0,0,0,253,11650,8893
21:29:01.437,0,4,24,256,290,-34,4,0,0,0,0,116,88,0,0,0,0,253,11650,8893
21:29:01.438,0,4,19,264,300,-36,10,0,0,0,0,114,90,0,0,0,0,253,11597,8664
21:29:01.438,0,4,19,264,300,-36,10,0,0,0,0,114,90,0,0,0,0,253,11131,8356
21:29:01.438,0,3,15,291,312,-21,6,0,0,0,0,114,90,0,0,0,0,253,11131,8356
21:29:01.438,0,3,34,296,331,-35,5,0,0,0,0,110,88,0,0,0,0,254,9897,6854
21:29:01.438,0,3,34,296,331,-35,5,0,0,0,0,110,88,0,0,0,0,254,9318,6566
21:29:01.438,0,1,5,316,326,-10,16,0,0,0,0,110,88,0,0,0,0,254,9318,6566
21:29:01.440,0,1,5,332,315,17,16,0,0,0,0,110,88,0,0,0,0,254,8700,6470
21:29:01.441,0,1,5,332,315,17,16,0,0,0,0,110,88,0,0,0,0,254,8700,6470
21:29:01.441,0,1,7,320,323,-3,12,0,0,0,0,110,88,0,0,0,0,254,8600,6023
21:29:01.441,0,1,8,323,323,0,8,0,0,0,0,110,88,0,0,0,0,254,8234,5712
21:29:01.441,0,1,8,323,323,0,8,0,0,0,0,110,88,0,0,0,0,254,8234,5712
21:29:01.441,0,1,8,323,331,-8,0,0,0,0,0,110,88,0,0,0,0,254,7571,5257
21:29:01.441,0,1,11,339,331,8,0,0,0,0,0,110,88,0,0,0,0,254,7571,5257
21:29:01.441,0,1,14,342,337,5,250,0,0,0,0,110,90,0,0,0,0,254,7135,4798
21:29:01.441,0,1,14,342,337,5,250,0,0,0,0,110,90,0,0,0,0,254,5971,4216
21:29:01.441,0,1,14,380,348,32,251,0,0,0,0,110,90,0,0,0,0,254,5971,4216
21:29:01.441,0,1,19,362,343,19,241,0,0,0,0,112,90,0,0,0,0,254,6868,5010
21:29:01.442,0,1,19,362,343,19,241,0,0,0,0,112,90,0,0,0,0,254,6571,4572
21:29:01.442,0,0,11,364,354,10,243,0,0,0,0,112,90,0,0,0,0,254,6571,4572
21:29:01.442,0,0,15,368,363,5,237,0,0,0,0,112,90,0,0,0,0,253,6209,4153
21:29:01.442,0,0,15,368,363,5,237,0,0,0,0,112,90,0,0,0,0,253,6209,4153
21:29:01.443,0,0,23,375,378,-3,227,0,0,0,0,112,90,0,0,0,0,253,5751,3600
21:29:01.443,0,0,14,374,361,13,220,0,0,0,0,110,90,0,0,0,0,253,4404,2547
21:29:01.443,0,0,14,374,361,13,220,0,0,0,0,110,90,0,0,0,0,253,4404,2547
21:29:01.443,0,0,14,379,365,14,215,0,0,0,0,110,90,0,0,0,0,252,3784,2045
21:29:01.443,0,1,36,367,359,8,220,0,0,0,0,116,88,0,0,0,0,252,4537,2824
21:29:01.700,0,1,36,367,359,8,220,0,0,0,0,116,88,0,0,0,0,252,4537,2824
21:29:01.700,0,1,36,376,361,15,230,0,0,0,0,116,88,0,0,0,0,252,4072,2521
21:29:01.702,0,1,26,380,367,13,233,0,0,0,0,116,90,0,0,0,0,252,3661,2146
21:29:01.702,0,1,26,380,367,13,233,0,0,0,0,116,90,0,0,0,0,252,3661,2146
21:29:01.702,0,1,26,368,372,-4,234,0,0,0,0,116,90,0,0,0,0,251,3564,1771
21:29:01.702,0,2,30,383,369,14,236,0,0,0,2,116,90,0,0,0,0,251,2956,1542
21:29:01.702,0,2,30,383,369,14,236,0,0,0,2,116,90,0,0,0,0,251,2956,1542
21:29:01.702,0,2,46,380,370,10,233,0,0,0,2,116,90,0,0,0,0,251,2623,1283
21:29:01.702,0,4,47,373,369,4,233,20,20,1,4,116,90,0,0,0,0,251,2396,1048
21:29:01.702,0,4,47,373,369,4,233,20,20,1,4,116,90,0,0,0,0,251,2396,1048
21:29:01.702,0,6,54,376,367,9,241,20,20,1,4,116,90,0,0,0,0,250,2006,820
21:29:01.702,0,6,49,365,362,3,248,22,22,1,5,116,90,0,0,0,0,250,1892,660
21:29:01.702,0,6,49,365,362,3,248,22,22,1,5,116,90,0,0,0,0,250,1892,660
21:29:01.702,0,6,49,371,365,6,251,22,22,1,5,116,90,0,0,0,0,250,1468,354
21:29:01.702,0,7,51,371,364,7,253,24,24,2,6,116,88,0,0,0,0,250,1146,119
21:29:01.702,0,7,51,371,364,7,253,24,24,2,6,116,88,0,0,0,0,250,1146,119
21:29:01.702,0,7,51,371,356,15,0,24,24,2,6,116,88,0,0,0,0,250,1132,31
21:29:01.702,0,7,53,363,342,21,251,24,24,2,6,116,88,0,0,0,0,250,719,94
21:29:01.702,0,7,53,363,342,21,251,24,24,2,6,116,88,0,0,0,0,250,719,94
21:29:01.702,0,7,53,363,342,21,0,24,24,2,6,116,88,0,0,0,0,250,569,-306
21:29:01.702,0,7,44,341,330,11,6,26,110,3,5,112,88,0,0,0,0,250,628,-68
21:29:01.702,0,7,44,341,330,11,6,26,110,3,5,112,88,0,0,0,0,250,628,-68
21:29:01.702,0,7,44,349,305,44,9,26,110,3,5,112,88,0,0,0,0,250,251,308
21:29:01.702,0,7,44,345,327,18,5,26,26,3,6,114,92,0,0,0,0,250,92,-192
21:29:01.702,0,7,44,345,327,18,5,26,26,3,6,114,92,0,0,0,0,250,92,-192
21:29:01.702,0,7,86,333,330,3,6,26,26,3,6,114,92,0,0,0,0,251,-1037,-1363
21:29:01.702,0,7,40,331,321,10,10,28,28,4,6,116,92,0,0,0,0,251,-229,-499
21:29:01.702,0,7,40,331,321,10,10,28,28,4,6,116,92,0,0,0,0,251,-229,-499
21:29:01.702,0,8,45,325,280,45,12,28,28,4,6,116,92,0,0,0,0,251,-284,236
21:29:01.702,0,8,43,313,282,31,16,30,30,4,7,116,92,0,0,0,0,251,-195,233
21:29:01.702,0,8,43,313,282,31,16,30,30,4,7,116,92,0,0,0,0,251,-195,233
21:29:01.702,0,8,39,317,316,1,21,32,32,6,7,114,90,0,0,0,0,251,-515,-502
21:29:01.703,0,8,39,317,316,1,21,32,32,6,7,114,90,0,0,0,0,251,-515,-502
21:29:01.703,0,8,39,317,316,1,21,32,32,6,7,114,90,0,0,0,0,251,-601,-1577
21:29:01.703,0,10,57,304,303,1,15,34,34,6,8,114,92,0,0,0,0,252,-730,-524
21:29:01.703,0,10,57,304,303,1,15,34,34,6,8,114,92,0,0,0,0,252,-730,-524
21:29:01.703,0,10,57,304,303,1,15,34,34,6,8,114,92,0,0,0,0,252,-730,97
21:29:01.703,0,9,51,294,247,47,14,38,36,7,8,116,92,0,0,0,0,252,-675,645
21:29:01.984,0,9,51,294,247,47,14,38,36,7,8,116,92,0,0,0,0,252,-675,645
21:29:01.984,0,9,51,294,247,47,14,38,36,7,8,116,92,0,0,0,0,252,-675,925
21:29:01.984,0,10,49,299,280,19,25,40,38,7,9,116,92,0,0,0,0,252,-837,304
21:29:01.984,0,10,49,299,280,19,25,40,38,7,9,116,92,0,0,0,0,252,-837,304
21:29:01.984,0,10,49,299,280,19,25,40,38,7,9,116,92,0,0,0,0,252,-599,-23
21:29:01.984,0,9,43,278,295,-17,24,44,42,9,9,116,90,0,0,0,0,253,-473,-3
21:29:01.984,0,9,43,278,295,-17,24,44,42,9,9,116,90,0,0,0,0,253,-473,-3
21:29:01.984,0,9,43,278,295,-17,24,44,42,9,9,116,90,0,0,0,0,253,-487,126
21:29:01.985,0,9,48,275,284,-9,17,48,46,10,10,116,92,0,0,0,0,253,-422,239
21:29:01.985,0,9,48,275,284,-9,17,48,46,10,10,116,92,0,0,0,0,253,-422,239
21:29:01.985,0,9,48,275,284,-9,17,48,46,10,10,116,92,0,0,0,0,253,-429,369
21:29:01.985,0,5,27,261,278,-17,9,52,50,11,12,116,94,0,0,0,0,253,-50,373
21:29:01.985,0,5,27,261,278,-17,9,52,50,11,12,116,94,0,0,0,0,253,-50,373
21:29:01.985,0,5,27,261,278,-17,9,52,50,11,12,116,94,0,0,0,0,254,-161,432
21:29:01.985,0,5,23,268,270,-2,14,56,54,12,13,116,94,0,0,0,0,254,-58,597
21:29:01.985,0,5,23,268,270,-2,14,56,54,12,13,116,94,0,0,0,0,254,-58,597
21:29:01.985,0,5,23,268,270,-2,21,56,54,12,13,116,94,0,0,0,0,254,179,578
21:29:01.985,0,3,2,248,265,-17,22,60,58,13,15,116,90,1,0,0,0,254,529,770
21:29:01.985,0,3,2,248,265,-17,22,60,58,13,15,116,90,1,0,0,0,254,529,770
21:29:01.985,0,2,5,258,260,-2,10,66,64,15,17,116,92,4,3,0,0,254,544,1012
21:29:01.985,0,2,5,258,260,-2,10,66,64,15,17,116,92,4,3,0,0,254,544,1012
21:29:01.985,0,2,5,258,260,-2,10,66,64,15,17,116,92,4,3,0,0,254,544,1012
21:29:01.986,0,0,-3,249,259,-10,3,72,70,17,19,116,172,7,6,0,0,255,927,1176
21:29:01.986,0,0,-3,249,259,-10,3,72,70,17,19,116,172,7,6,0,0,255,927,1176
21:29:01.986,0,0,-3,249,259,-10,3,72,70,17,19,116,172,7,6,0,0,255,872,1308
21:29:01.986,0,0,-3,253,254,-1,4,80,76,20,22,116,172,11,9,0,0,255,1072,1467
21:29:01.986,0,0,-3,253,254,-1,4,80,76,20,22,116,172,11,9,0,0,255,1072,1467
21:29:01.986,0,0,-3,253,254,-1,4,80,76,20,22,116,172,11,9,0,0,255,839,1698
21:29:01.986,0,15,96,244,256,-12,10,86,82,22,24,116,172,14,12,0,0,255,1161,1930
21:29:01.986,0,15,96,244,256,-12,10,86,82,22,24,116,172,14,12,0,0,255,1161,1930
21:29:01.986,0,15,96,244,256,-12,10,86,82,22,24,116,172,14,12,0,0,255,852,2138
21:29:01.986,0,21,150,256,252,4,253,96,92,25,27,116,172,19,17,0,0,255,904,2459
21:29:01.986,0,21,150,256,252,4,253,96,92,25,27,116,172,19,17,0,0,255,904,2459
21:29:01.986,0,3,42,234,246,-12,242,108,102,29,31,114,172,25,22,0,0,255,538,1345
21:29:01.987,0,3,42,234,246,-12,242,108,102,29,31,114,172,25,22,0,0,255,538,1345
21:29:01.987,0,3,42,234,246,-12,242,108,102,29,31,114,172,25,22,0,0,255,538,1345
21:29:01.987,0,3,34,235,239,-4,7,0,110,32,34,112,172,30,28,0,0,255,465,1412
21:29:01.987,0,3,34,235,239,-4,7,0,110,32,34,112,172,30,28,0,0,255,465,1412
21:29:02.326,0,3,-20,221,249,-28,51,0,22,31,35,114,172,29,31,0,0,255,1923,2098
21:29:02.327,0,2,-16,245,248,-3,37,0,22,33,36,116,172,31,31,0,0,0,1844,2318
21:29:02.327,0,2,-16,245,248,-3,37,0,22,33,36,116,172,31,31,0,0,0,1844,2318
21:29:02.327,0,2,-25,240,251,-11,49,0,24,30,34,114,172,30,31,0,0,1,2351,2379
21:29:02.327,0,2,-25,240,251,-11,49,0,24,30,34,114,172,30,31,0,0,1,2351,2379
21:29:02.327,0,1,22,242,244,-2,230,0,26,25,29,112,138,25,27,0,0,1,1377,1821
21:29:02.327,0,1,22,242,244,-2,230,0,26,25,29,112,138,25,27,0,0,1,1377,1821
21:29:02.328,0,1,22,242,244,-2,230,0,26,25,29,112,138,25,27,0,0,1,1377,1821
21:29:02.328,0,-1,12,244,264,-20,232,0,26,21,28,112,90,21,25,0,0,0,1334,928
21:29:02.328,0,-2,-12,251,282,-31,227,0,26,21,28,112,90,21,25,0,0,0,1334,928
21:29:02.328,0,-2,-12,251,282,-31,227,0,26,21,28,112,90,21,25,0,0,0,1334,928
21:29:02.328,0,-2,-2,244,246,-2,242,0,30,13,23,112,90,13,19,0,0,0,2467,2353
21:29:02.328,0,-2,-22,249,244,5,254,0,32,10,18,110,90,10,14,0,0,0,1452,1361
21:29:02.328,0,-2,-22,249,244,5,254,0,32,10,18,110,90,10,14,0,0,0,1452,1361
21:29:02.328,0,-3,-38,238,242,-4,3,20,34,5,13,108,90,5,8,0,0,0,1670,1291
21:29:02.328,0,-3,-38,238,242,-4,3,20,34,5,13,108,90,5,8,0,0,0,1670,1291
21:29:02.329,0,-2,-22,241,235,6,254,20,36,0,7,108,90,0,2,0,0,0,1585,1338
21:29:02.329,0,-1,-4,247,240,7,239,20,36,0,7,108,90,0,2,0,0,0,1404,1338
21:29:02.329,0,-1,-4,247,240,7,239,20,36,0,7,108,90,0,2,0,0,0,1404,1338
21:29:02.329,0,-1,-4,247,240,7,239,20,36,0,7,108,90,0,2,0,0,0,1404,1338
21:29:02.329,0,-1,-3,241,241,0,237,20,38,0,5,108,90,0,0,0,0,0,1519,1283
21:29:02.329,0,-1,-4,238,241,-3,237,20,38,0,5,108,90,0,0,0,0,0,1519,1283
21:29:02.329,0,-1,-4,238,241,-3,237,20,38,0,5,108,90,0,0,0,0,0,1519,1283
21:29:02.330,0,-1,-5,243,230,13,239,22,40,0,6,106,88,0,0,0,0,0,1433,1286
21:29:02.330,0,-1,-5,240,240,0,240,22,40,0,6,106,88,0,0,0,0,0,1433,1286
21:29:02.330,0,-1,-5,240,240,0,240,22,40,0,6,106,88,0,0,0,0,0,1433,1286
21:29:02.330,0,-1,-4,244,234,10,237,22,42,0,6,106,88,0,0,0,0,255,1330,1385
21:29:02.330,0,-2,-17,230,236,-6,240,22,42,0,6,106,88,0,0,0,0,255,1602,1320
21:29:02.330,0,-2,-17,230,236,-6,240,22,42,0,6,106,88,0,0,0,0,255,1602,1320
21:29:02.330,0,-2,-14,242,227,15,233,22,44,0,7,106,88,0,0,0,0,255,1374,1490
21:29:02.330,0,-2,-14,242,227,15,233,22,44,0,7,106,88,0,0,0,0,255,1432,1446
21:29:02.330,0,-1,-2,237,231,6,233,22,44,0,7,106,88,0,0,0,0,255,1432,1446
21:29:02.330,0,-1,-2,237,231,6,233,22,44,0,7,106,88,0,0,0,0,255,1432,1446
21:29:02.330,0,-1,-6,244,237,7,242,22,46,0,8,106,90,0,0,0,0,254,1530,1418
21:29:02.330,0,1,16,228,234,-6,245,22,46,0,8,106,90,0,0,0,0,254,1530,1418
21:29:02.331,0,1,16,228,234,-6,245,22,46,0,8,106,90,0,0,0,0,254,1530,1418
21:29:02.331,0,1,16,236,233,3,246,24,50,0,9,104,90,0,0,0,0,254,1380,1442
21:29:02.331,0,6,81,234,228,6,244,24,50,0,9,104,90,0,0,0,0,254,1264,1695
21:29:02.540,0,6,81,234,228,6,244,24,50,0,9,104,90,0,0,0,0,254,1264,1695
21:29:02.540,0,6,82,236,232,4,240,26,52,0,10,102,94,0,0,0,0,254,1192,1662
21:29:02.540,0,6,82,236,232,4,240,26,52,0,10,102,94,0,0,0,0,254,1051,1881
21:29:02.540,0,10,138,235,229,6,239,26,52,0,10,102,94,0,0,0,0,254,1051,1881
21:29:02.540,0,10,138,235,229,6,239,26,52,0,10,102,94,0,0,0,0,254,1051,1881
21:29:02.540,0,10,138,229,241,-12,241,26,56,0,11,102,98,0,0,0,0,254,1032,2053
21:29:02.540,0,12,167,241,228,13,235,26,56,0,11,102,98,0,0,0,0,254,776,2053
21:29:02.541,0,12,167,241,228,13,235,26,56,0,11,102,98,0,0,0,0,254,776,2053
21:29:02.541,0,12,166,232,235,-3,238,26,56,0,13,102,98,0,0,0,0,253,873,1990
21:29:02.541,0,12,166,232,236,-4,3,26,56,0,13,102,98,0,0,0,0,253,756,2046
21:29:02.541,0,13,172,234,236,-2,3,26,56,0,13,102,98,0,0,0,0,253,756,2046
21:29:02.541,0,13,166,221,238,-17,19,28,62,0,13,100,102,0,0,0,0,254,977,2040
21:29:02.541,0,13,166,221,238,-17,19,28,62,0,13,100,102,0,0,0,0,254,857,2044
21:29:02.541,0,11,135,229,237,-8,24,28,62,0,13,100,102,0,0,0,0,254,857,2044
21:29:02.541,0,11,135,229,237,-8,24,28,62,0,13,100,102,0,0,0,0,254,857,2044
21:29:02.541,0,11,132,225,237,-12,31,30,66,0,16,98,110,0,2,0,0,254,925,2062
21:29:02.541,0,11,132,225,237,-12,31,30,66,0,16,98,110,0,2,0,0,255,723,2035
21:29:02.541,0,14,171,229,245,-16,40,30,66,0,16,98,110,0,2,0,0,255,723,2035
21:29:02.541,0,14,171,229,245,-16,40,30,66,0,16,98,110,0,2,0,0,255,723,2035
21:29:02.541,0,14,167,212,242,-30,50,30,22,0,20,98,118,0,7,0,0,255,1043,2100
21:29:02.541,0,14,167,212,242,-30,50,30,22,0,20,98,118,0,7,0,0,0,852,2172
21:29:02.541,0,15,182,220,242,-22,52,30,22,0,20,98,118,0,7,0,0,0,852,2172
21:29:02.542,0,15,183,223,240,-17,50,32,24,0,23,96,116,0,11,0,0,0,770,2251
21:29:02.542,0,16,198,224,242,-18,49,32,24,0,23,96,116,0,11,0,0,0,677,2296
21:29:02.542,0,16,198,224,242,-18,49,32,24,0,23,96,116,0,11,0,0,0,758,2239
21:29:02.542,0,16,192,219,246,-27,64,32,24,0,23,96,116,0,11,0,0,0,758,2239
21:29:02.542,0,16,192,219,246,-27,64,32,24,0,23,96,116,0,11,0,0,0,758,2239
21:29:02.542,0,16,189,209,248,-39,71,34,0,0,26,94,114,0,14,0,0,1,942,2226
21:29:02.542,0,16,189,209,248,-39,71,34,0,0,26,94,114,0,14,0,0,2,731,2452
21:29:02.542,0,17,203,219,239,-20,74,34,0,0,26,94,114,0,14,0,0,2,731,2452
21:29:02.542,0,17,203,218,246,-28,74,34,0,0,29,94,114,0,17,0,0,2,727,2364
21:29:02.542,0,18,216,220,247,-27,77,34,26,0,41,94,110,0,30,0,0,3,624,2416
21:29:02.542,0,18,216,220,247,-27,77,34,26,0,41,94,110,0,30,0,0,4,343,2738
21:29:02.542,0,29,389,212,253,-41,91,34,26,0,41,94,110,0,30,0,0,4,343,2738
21:29:02.542,0,29,389,212,253,-41,91,34,26,0,41,94,110,0,30,0,0,4,343,2738
21:29:02.542,0,29,389,204,245,-41,90,36,28,0,41,92,106,0,31,0,0,5,430,2986
21:29:02.543,0,29,389,204,245,-41,90,36,28,0,41,92,106,0,31,0,0,6,156,2995
21:29:02.543,0,30,403,213,252,-39,101,36,28,0,41,92,106,0,31,0,0,6,156,2995
21:29:02.774,0,30,404,210,253,-43,97,38,0,0,41,90,104,0,31,0,0,7,130,3069
21:29:02.774,0,32,434,216,257,-41,105,38,0,0,41,90,104,0,31,0,0,8,-152,3160
21:29:02.774,0,32,434,216,257,-41,105,38,0,0,41,90,104,0,31,0,0,9,44,3333
21:29:02.774,0,32,427,202,252,-50,123,38,0,0,41,90,104,0,31,0,0,9,44,3333
21:29:02.775,0,32,418,190,257,-67,147,40,0,0,40,88,102,0,31,0,0,11,251,3315
21:29:02.775,0,33,430,195,259,-64,164,42,0,0,39,86,98,0,31,0,0,12,94,3399
21:29:02.775,0,33,430,195,259,-64,164,42,0,0,39,86,98,0,31,0,0,12,94,3360
21:29:02.775,0,34,442,184,266,-82,175,42,0,0,39,86,98,0,31,0,0,14,261,3360
21:29:02.775,0,34,442,184,266,-82,175,42,0,0,39,86,98,0,31,0,0,14,261,3360
21:29:02.775,0,34,434,186,271,-85,195,42,34,0,38,86,96,0,31,0,0,16,237,3300
21:29:02.775,0,34,434,186,271,-85,195,42,34,0,38,86,96,0,31,0,0,16,117,3424
21:29:02.775,0,35,444,177,269,-92,218,42,34,0,38,86,96,0,31,0,0,18,373,3424
21:29:02.775,0,35,440,168,274,-106,227,42,34,0,38,86,96,0,31,0,0,21,595,3357
21:29:02.775,0,35,441,182,267,-85,226,42,34,0,38,86,96,0,31,0,0,23,360,3535
21:29:02.775,0,35,441,182,267,-85,226,42,34,0,38,86,96,0,31,0,0,23,360,3535
21:29:02.775,0,35,441,183,264,-81,213,42,34,0,38,86,96,0,31,0,0,25,323,3676
21:29:02.775,0,35,446,183,264,-81,213,42,34,0,38,86,96,0,31,0,0,25,323,3676
21:29:02.775,0,35,442,177,269,-92,223,42,34,0,38,86,96,0,31,0,0,27,463,3626
21:29:02.775,0,35,442,177,269,-92,223,42,34,0,38,86,96,0,31,0,0,27,463,3626
21:29:02.775,0,35,435,177,269,-92,241,42,34,0,38,86,96,0,31,0,0,30,504,3658
21:29:02.775,0,35,432,169,273,-104,249,42,0,0,39,86,98,0,31,0,0,32,692,3625
21:29:02.775,0,34,410,167,269,-102,255,40,32,0,39,88,100,0,31,0,0,35,847,3680
21:29:02.775,0,34,410,167,269,-102,255,40,32,0,39,88,100,0,31,0,0,35,847,3680
21:29:02.775,0,34,410,167,269,-102,255,40,32,0,39,88,100,0,31,0,0,37,794,3575
21:29:02.777,0,33,393,175,274,-99,255,40,32,0,39,88,100,0,31,0,0,37,794,3575
21:29:02.777,0,33,396,177,271,-94,249,40,32,0,39,88,102,0,31,0,0,40,802,3650
21:29:02.777,0,33,396,177,271,-94,249,40,32,0,39,88,102,0,31,0,0,40,802,3650
21:29:02.777,0,33,396,177,269,-92,241,40,32,0,39,88,102,0,31,0,0,42,803,3736
21:29:02.777,0,33,399,178,269,-91,241,40,32,0,39,88,102,0,31,0,0,42,803,3736
21:29:02.777,0,33,402,181,264,-83,234,40,0,0,40,88,104,0,31,0,0,45,776,3873
21:29:02.777,0,33,402,181,264,-83,234,40,0,0,40,88,104,0,31,0,0,45,776,3873
21:29:02.777,0,33,380,177,270,-93,241,40,0,0,40,88,104,0,31,0,0,47,944,3741
21:29:02.777,0,32,377,168,269,-101,248,40,0,0,40,88,106,0,31,0,0,49,1177,3782
21:29:02.777,0,31,358,178,268,-90,253,40,0,0,40,88,106,0,31,0,0,52,1114,3765
21:29:02.777,0,31,358,178,268,-90,253,40,0,0,40,88,106,0,31,0,0,52,1114,3765
21:29:02.777,0,31,358,178,274,-96,255,40,0,0,40,88,106,0,31,0,0,55,1088,3660
21:29:02.777,0,31,355,180,274,-94,6,38,30,0,40,90,108,0,31,0,0,57,1171,3657
21:29:02.777,0,30,335,184,277,-93,16,40,0,0,40,88,110,0,31,0,0,60,1199,3531
21:29:03.006,0,30,335,184,277,-93,16,40,0,0,40,88,110,0,31,0,0,60,1199,3531
21:29:03.006,0,30,335,184,277,-93,16,40,0,0,40,88,110,0,31,0,0,63,1511,3773
21:29:03.006,0,29,319,172,263,-91,11,40,0,0,40,88,110,0,31,0,0,63,1511,3773
21:29:03.006,0,29,324,175,269,-94,253,40,0,0,30,88,112,0,21,0,0,65,1540,3671
21:29:03.006,0,29,324,175,269,-94,253,40,0,0,30,88,112,0,21,0,0,65,1540,3671
21:29:03.007,0,29,324,175,269,-94,253,40,0,0,30,88,112,0,21,0,0,67,1292,3691
21:29:03.007,0,23,240,193,272,-79,215,38,30,0,25,90,116,0,16,0,0,70,1480,3408
21:29:03.007,0,15,117,196,260,-64,216,38,30,0,25,90,116,0,16,0,0,72,1737,3342
21:29:03.007,0,15,117,196,260,-64,216,38,30,0,25,90,116,0,16,0,0,72,1737,3342
21:29:03.007,0,15,117,196,260,-64,216,38,30,0,25,90,116,0,16,0,0,72,1865,3211
21:29:03.007,0,15,117,194,264,-70,215,38,30,0,25,90,116,0,16,0,0,74,1865,3211
21:29:03.007,0,15,119,193,265,-72,211,38,0,0,23,90,118,0,13,0,0,76,1980,3128
21:29:03.007,0,15,119,193,265,-72,211,38,0,0,23,90,118,0,13,0,0,76,1980,3128
21:29:03.007,0,15,119,193,265,-72,211,38,0,0,23,90,118,0,13,0,0,76,2078,2959
21:29:03.007,0,12,77,197,266,-69,203,38,0,0,23,90,118,0,13,0,0,78,2078,2959
21:29:03.007,0,12,82,203,260,-57,190,36,84,1,22,92,118,1,12,0,0,80,2053,2998
21:29:03.007,0,12,82,203,260,-57,190,36,84,1,22,92,118,1,12,0,0,80,2053,2998
21:29:03.007,0,12,82,203,260,-57,190,36,84,1,22,92,118,1,12,0,0,82,2089,2874
21:29:03.008,0,12,88,204,264,-60,177,36,84,1,22,92,118,1,12,0,0,82,2089,2874
21:29:03.008,0,12,96,216,259,-43,155,38,86,2,23,90,120,2,13,0,0,83,1892,2924
21:29:03.008,0,12,96,216,259,-43,155,38,86,2,23,90,120,2,13,0,0,83,1892,2924
21:29:03.008,0,12,96,216,259,-43,155,38,86,2,23,90,120,2,13,0,0,85,2203,2913
21:29:03.008,0,11,103,219,250,-31,104,38,88,2,23,90,118,2,14,0,0,86,1928,3011
21:29:03.008,0,11,106,220,254,-34,97,38,88,2,24,90,118,2,15,0,0,87,1901,2929
21:29:03.008,0,11,106,220,254,-34,97,38,88,2,24,90,118,2,15,0,0,87,1901,2929
21:29:03.008,0,11,106,220,254,-34,97,38,88,2,24,90,118,2,15,0,0,87,1642,2898
21:29:03.008,0,14,151,221,259,-38,90,38,30,2,27,90,116,2,18,0,0,88,1768,2846
21:29:03.008,0,14,149,217,254,-37,95,38,30,2,27,90,116,2,18,0,0,89,1839,2914
21:29:03.008,0,14,149,217,254,-37,95,38,30,2,27,90,116,2,18,0,0,89,1839,2914
21:29:03.008,0,14,149,217,254,-37,95,38,30,2,27,90,116,2,18,0,0,89,1839,2835
21:29:03.008,0,14,151,226,257,-31,91,38,30,2,27,90,116,2,18,0,0,90,1658,2835
21:29:03.008,0,14,152,226,259,-33,88,40,32,0,32,88,112,0,24,0,0,91,1610,2787
21:29:03.008,0,14,152,226,259,-33,88,40,32,0,32,88,112,0,24,0,0,91,1610,2787
21:29:03.008,0,14,152,226,259,-33,88,40,32,0,32,88,112,0,24,0,0,91,984,3165
21:29:03.008,0,27,356,222,259,-37,79,42,0,0,39,86,110,0,31,0,0,93,954,3367
21:29:03.008,0,29,390,228,266,-38,87,44,0,0,38,84,106,0,31,0,0,94,736,3269
21:29:03.009,0,29,390,228,266,-38,87,44,0,0,38,84,106,0,31,0,0,94,736,3269
21:29:03.009,0,29,390,228,266,-38,87,44,0,0,38,84,106,0,31,0,0,94,736,3269
21:29:03.216,0,29,420,226,263,-37,98,44,0,0,38,84,106,0,31,0,0,95,562,3451
21:29:03.216,0,30,400,223,268,-45,108,46,38,0,36,82,100,0,31,0,0,96,525,3370
21:29:03.216,0,30,400,223,268,-45,108,46,38,0,36,82,100,0,31,0,0,96,525,3370
21:29:03.216,0,30,400,223,268,-45,108,46,38,0,36,82,100,0,31,0,0,96,525,3370
21:29:03.216,0,33,450,228,264,-36,114,46,38,0,36,82,100,0,31,0,0,97,157,3634
21:29:03.216,0,33,444,208,277,-69,129,48,0,0,36,80,94,0,31,0,0,98,423,3424
21:29:03.216,0,33,444,208,277,-69,129,48,0,0,36,80,94,0,31,0,0,98,423,3424
21:29:03.216,0,33,444,208,277,-69,129,48,0,0,36,80,94,0,31,0,0,98,423,3424
21:29:03.216,0,36,485,218,276,-58,158,48,40,0,35,80,88,0,31,0,0,102,244,3446
21:29:03.216,0,38,507,203,284,-81,196,48,40,0,35,80,88,0,31,0,0,103,201,3385
21:29:03.216,0,38,507,203,284,-81,196,48,40,0,35,80,88,0,31,0,0,103,201,3385
21:29:03.216,0,38,507,203,284,-81,196,48,40,0,35,80,88,0,31,0,0,103,201,3385
21:29:03.216,0,38,507,203,284,-81,196,48,40,0,35,80,88,0,31,0,0,106,350,3412
21:29:03.216,0,40,531,180,285,-105,232,50,0,0,35,78,86,0,31,0,0,108,557,3381
21:29:03.218,0,40,531,180,285,-105,232,50,0,0,35,78,86,0,31,0,0,108,557,3381
21:29:03.218,0,40,531,180,285,-105,232,50,0,0,35,78,86,0,31,0,0,108,557,3381
21:29:03.218,0,40,531,180,285,-105,232,50,0,0,35,78,86,0,31,0,0,110,397,3466
21:29:03.218,0,40,542,181,287,-106,249,50,0,0,35,78,84,0,31,0,0,113,516,3361
21:29:03.218,0,41,542,181,287,-106,249,50,0,0,35,78,84,0,31,0,0,113,516,3361
21:29:03.218,0,41,542,181,287,-106,249,50,0,0,35,78,84,0,31,0,0,113,516,3361
21:29:03.218,0,41,542,181,287,-106,249,50,0,0,35,78,84,0,31,0,0,115,598,3296
21:29:03.218,0,41,553,174,289,-115,11,50,0,0,35,78,82,0,31,0,0,118,673,3303
21:29:03.218,0,42,553,174,289,-115,11,50,0,0,35,78,82,0,31,0,0,118,673,3303
21:29:03.218,0,42,553,174,289,-115,11,50,0,0,35,78,82,0,31,0,0,118,673,3303
21:29:03.218,0,42,553,174,289,-115,11,50,0,0,35,78,82,0,31,0,0,121,923,3252
21:29:03.218,0,42,549,176,291,-115,22,48,40,0,35,80,82,0,31,0,0,124,719,3235
21:29:03.218,0,42,549,176,291,-115,22,48,40,0,35,80,82,0,31,0,0,124,719,3235
21:29:03.218,0,42,549,176,291,-115,22,48,40,0,35,80,82,0,31,0,0,124,719,3235
21:29:03.218,0,42,549,176,291,-115,22,48,40,0,35,80,82,0,31,0,0,126,573,3197
21:29:03.218,0,42,550,180,278,-98,23,46,38,0,36,82,84,0,31,0,0,129,644,3463
21:29:03.218,0,41,530,180,278,-98,23,46,38,0,36,82,84,0,31,0,0,129,644,3463
21:29:03.218,0,41,530,180,278,-98,23,46,38,0,36,82,84,0,31,0,0,129,644,3463
21:29:03.218,0,41,530,180,278,-98,23,46,38,0,36,82,84,0,31,0,0,132,566,3245
21:29:03.219,0,41,530,178,282,-104,25,46,0,0,37,82,86,0,31,0,0,135,678,3395
21:29:03.219,0,40,511,178,282,-104,25,46,0,0,37,82,86,0,31,0,0,135,678,3395
21:29:03.219,0,40,511,178,282,-104,25,46,0,0,37,82,86,0,31,0,0,135,678,3395
21:29:03.219,0,40,511,178,282,-104,25,46,0,0,37,82,86,0,31,0,0,138,873,3225
21:29:03.219,0,40,509,173,288,-115,36,44,0,0,38,84,88,0,31,0,0,141,833,3269
21:29:03.449,0,39,486,173,288,-115,36,44,0,0,38,84,88,0,31,0,0,141,833,3269
21:29:03.450,0,39,486,173,288,-115,36,44,0,0,38,84,88,0,31,0,0,141,833,3269
21:29:03.450,0,39,486,173,288,-115,36,44,0,0,38,84,88,0,31,0,0,144,820,3283
21:29:03.450,0,39,490,176,282,-106,28,44,0,0,38,84,90,0,31,0,0,146,820,3382
21:29:03.450,0,39,490,176,282,-106,28,44,0,0,38,84,90,0,31,0,0,146,820,3382
21:29:03.450,0,39,490,176,282,-106,28,44,0,0,38,84,90,0,31,0,0,146,820,3382
21:29:03.450,0,39,490,176,282,-106,28,44,0,0,38,84,90,0,31,0,0,149,735,3560
21:29:03.450,0,38,476,174,283,-109,18,42,34,0,38,86,92,0,31,0,0,152,878,3417
21:29:03.450,0,38,476,174,283,-109,18,42,34,0,38,86,92,0,31,0,0,152,878,3417
21:29:03.450,0,38,476,174,283,-109,18,42,34,0,38,86,92,0,31,0,0,152,878,3417
21:29:03.450,0,38,476,174,283,-109,18,42,34,0,38,86,92,0,31,0,0,155,1107,3489
21:29:03.451,0,36,428,172,287,-115,45,42,0,0,39,86,96,0,31,0,0,158,1084,3285
21:29:03.451,0,36,428,172,287,-115,45,42,0,0,39,86,96,0,31,0,0,158,1084,3285
21:29:03.451,0,36,428,172,287,-115,45,42,0,0,39,86,96,0,31,0,0,158,1084,3285
21:29:03.451,0,36,424,181,281,-100,55,40,0,0,40,88,100,0,31,0,0,161,1143,3230
21:29:03.451,0,34,389,175,274,-99,46,38,30,0,40,90,102,0,31,0,0,167,1270,3369
21:29:03.451,0,33,375,175,274,-99,46,38,30,0,40,90,102,0,31,0,0,167,1270,3369
21:29:03.451,0,33,375,175,274,-99,46,38,30,0,40,90,102,0,31,0,0,167,1270,3369
21:29:03.451,0,33,379,171,275,-104,34,38,0,0,41,90,108,0,31,0,0,170,1391,3372
21:29:03.451,0,30,330,175,276,-101,20,38,0,0,41,90,108,0,31,0,0,176,1251,3222
21:29:03.451,0,30,333,191,276,-85,20,38,0,0,41,90,108,0,31,0,0,176,1251,3222
21:29:03.451,0,30,333,191,276,-85,20,38,0,0,41,90,108,0,31,0,0,176,1251,3222
21:29:03.451,0,30,333,191,276,-85,20,38,0,0,41,90,108,0,31,0,0,176,1251,3283
21:29:03.451,0,30,300,182,265,-83,15,36,28,0,30,92,112,0,20,0,0,181,1555,3337
21:29:03.451,0,28,300,182,265,-83,15,36,28,0,30,92,112,0,20,0,0,181,1555,3337
21:29:03.451,0,28,300,182,265,-83,15,36,28,0,30,92,112,0,20,0,0,181,1555,3337
21:29:03.452,0,28,303,183,266,-83,7,36,0,0,24,92,116,0,13,0,0,184,1580,3340
21:29:03.452,0,16,113,176,267,-91,5,34,26,0,21,94,118,0,10,0,0,189,2374,2795
21:29:03.452,0,13,76,181,263,-82,243,34,26,0,21,94,118,0,10,0,0,189,2374,2795
21:29:03.452,0,13,76,181,263,-82,243,34,26,0,21,94,118,0,10,0,0,189,2374,2795
21:29:03.452,0,13,76,181,263,-82,243,34,26,0,21,94,118,0,10,0,0,189,2374,2795
21:29:03.452,0,13,86,200,259,-59,218,34,78,1,20,94,122,1,8,0,0,193,2431,2642
21:29:03.452,0,10,48,192,262,-70,207,34,78,1,20,94,122,1,8,0,0,193,2431,2642
21:29:03.452,0,10,48,192,262,-70,207,34,78,1,20,94,122,1,8,0,0,193,2431,2642
21:29:03.452,0,10,53,205,257,-52,196,32,78,3,20,96,124,3,7,0,0,195,2290,2664
21:29:03.452,0,9,41,196,259,-63,188,32,78,3,20,96,124,3,7,0,0,199,2711,2651
21:29:03.452,0,9,48,194,251,-57,171,32,78,3,20,96,124,3,7,0,0,199,2711,2651
21:29:03.452,0,9,48,194,251,-57,171,32,78,3,20,96,124,3,7,0,0,199,2711,2651
21:29:03.747,0,9,62,215,253,-38,135,32,76,5,20,96,128,5,7,0,0,200,2379,2589
21:29:03.747,0,7,48,218,251,-33,101,32,76,5,20,96,128,5,7,0,0,201,2380,2564
21:29:03.747,0,7,48,218,251,-33,101,32,76,5,20,96,128,5,7,0,0,201,2380,2564
21:29:03.747,0,7,48,218,251,-33,101,32,76,5,20,96,128,5,7,0,0,201,2380,2564
21:29:03.748,0,7,51,225,254,-29,90,30,78,5,21,98,126,5,7,0,0,203,2486,2532
21:29:03.748,0,7,52,215,248,-33,90,30,78,5,21,98,126,5,7,0,0,203,2486,2532
21:29:03.748,0,7,52,215,248,-33,90,30,78,5,21,98,126,5,7,0,0,203,2486,2532
21:29:03.748,0,7,196,232,246,-14,54,22,80,4,25,116,124,4,8,0,0,204,1904,2818
21:29:03.748,0,16,196,232,246,-14,54,22,80,4,25,116,124,4,8,0,0,204,1904,2818
21:29:03.748,0,16,196,232,246,-14,54,22,80,4,25,116,124,4,8,0,0,204,1904,2818
21:29:03.748,0,16,229,236,250,-14,45,22,84,3,27,116,122,3,11,0,0,205,1608,2856
21:29:03.748,0,18,229,236,250,-14,45,22,84,3,27,116,122,3,11,0,0,205,1608,2856
21:29:03.748,0,18,229,236,250,-14,45,22,84,3,27,116,122,3,11,0,0,205,1608,2856
21:29:03.748,0,18,227,235,256,-21,57,22,90,2,33,116,118,2,16,0,0,206,1376,2884
21:29:03.748,0,21,271,235,256,-21,57,22,90,2,33,116,118,2,16,0,0,206,1376,2884
21:29:03.748,0,21,271,235,256,-21,57,22,90,2,33,116,118,2,16,0,0,206,1376,2884
21:29:03.748,0,21,271,234,254,-20,63,22,0,1,39,116,114,1,23,0,0,207,723,3452
21:29:03.748,0,34,487,234,254,-20,63,22,0,1,39,116,114,1,23,0,0,207,723,3452
21:29:03.748,0,34,487,234,254,-20,63,22,0,1,39,116,114,1,23,0,0,207,723,3452
21:29:03.748,0,34,157,220,268,-48,100,22,28,0,36,116,108,0,31,0,0,209,2413,3753
21:29:03.749,0,29,380,229,266,-37,113,22,28,0,35,116,104,0,31,0,0,211,705,3326
21:29:03.749,0,29,380,229,266,-37,113,22,28,0,35,116,104,0,31,0,0,211,705,3326
21:29:03.749,0,29,84,204,274,-70,148,22,28,0,32,116,98,0,31,0,0,214,2694,3617
21:29:03.749,0,17,-37,238,276,-38,195,24,28,0,30,116,94,0,30,0,0,218,2487,3233
21:29:03.749,0,17,-37,238,276,-38,195,24,28,0,30,116,94,0,30,0,0,218,2487,3233
21:29:03.749,0,6,-115,230,282,-52,196,26,30,0,28,116,90,0,28,0,0,222,3272,2853
21:29:03.749,0,-6,-140,245,278,-33,161,26,30,0,24,116,0,0,24,0,0,225,2437,1758
21:29:03.749,0,-6,-140,245,278,-33,161,26,30,0,24,116,0,0,24,0,0,225,2437,1758
21:29:03.749,0,35,156,232,273,-41,110,26,32,0,28,116,0,0,19,0,0,228,2852,3461
21:29:03.749,0,35,156,232,273,-41,110,26,32,0,28,116,0,0,19,0,0,228,2852,3461
21:29:03.749,0,31,165,245,268,-23,63,46,0,0,53,116,86,0,31,0,0,229,2029,4040
21:29:03.749,0,43,283,264,274,-10,21,46,0,0,53,116,86,0,31,0,0,229,2029,4040
21:29:03.749,0,43,283,264,274,-10,21,46,0,0,53,116,86,0,31,0,0,229,2029,4040
21:29:03.749,0,43,297,262,306,-44,4,26,32,3,10,116,0,0,1,0,0,229,1973,3596
21:29:03.749,0,43,297,262,306,-44,4,26,32,3,10,116,0,0,1,0,0,229,1282,1203
21:29:03.749,0,14,186,261,354,-93,3,26,32,3,10,116,0,0,1,0,0,229,1282,1203
21:29:03.750,0,14,186,261,354,-93,3,26,32,3,10,116,0,0,1,0,0,229,1282,1203
21:29:03.750,0,14,185,250,372,-122,6,30,34,4,10,114,0,0,0,0,0,229,1343,481
21:29:04.087,0,14,185,250,372,-122,6,30,34,4,10,114,0,0,0,0,0,229,1217,475
21:29:04.087,0,10,122,257,345,-88,22,30,34,4,10,114,0,0,0,0,0,229,1217,475
21:29:04.087,0,10,122,257,345,-88,22,30,34,4,10,114,0,0,0,0,0,229,1217,475
21:29:04.088,0,9,91,249,275,-26,63,30,34,6,10,114,0,0,0,0,0,230,1317,1502
21:29:04.088,0,9,91,249,275,-26,63,30,34,6,10,114,0,0,0,0,0,230,1317,1411
21:29:04.088,0,11,112,250,276,-26,81,30,34,6,10,114,0,0,0,0,0,230,1168,1411
21:29:04.088,0,11,112,250,276,-26,81,30,34,6,10,114,0,0,0,0,0,230,1168,1411
21:29:04.088,0,11,109,231,272,-41,87,28,34,6,0,116,0,0,0,0,0,231,1460,1385
21:29:04.088,0,8,67,243,271,-28,91,68,0,6,52,116,72,0,31,0,0,232,1265,1229
21:29:04.088,0,8,67,243,271,-28,91,68,0,6,52,116,72,0,31,0,0,233,140,2026
21:29:04.088,0,39,563,250,272,-22,100,68,0,6,52,116,72,0,31,0,0,233,140,2026
21:29:04.088,0,39,562,242,274,-32,103,78,0,8,51,116,86,0,31,0,0,234,63,2034
21:29:04.088,0,33,455,194,278,-84,100,78,0,8,51,116,86,0,31,0,0,235,834,1994
21:29:04.088,0,33,455,194,278,-84,100,78,0,8,51,116,86,0,31,0,0,236,625,2124
21:29:04.088,0,33,459,202,273,-71,90,78,0,8,51,116,86,0,31,0,0,236,625,2124
21:29:04.088,0,33,462,240,262,-22,83,86,0,13,51,116,108,0,31,0,0,237,-227,2395
21:29:04.088,0,24,310,235,263,-28,82,92,0,17,50,116,138,0,31,0,0,238,59,2069
21:29:04.088,0,24,310,235,263,-28,82,92,0,17,50,116,138,0,31,0,0,239,654,1489
21:29:04.088,0,12,112,222,270,-48,115,92,0,17,50,116,138,0,31,0,0,239,654,1489
21:29:04.088,0,12,98,212,275,-63,151,104,0,21,50,116,170,5,31,0,0,240,879,1279
21:29:04.088,0,12,98,212,275,-63,151,104,0,21,50,116,170,5,31,0,0,240,879,1279
21:29:04.088,0,5,-9,214,274,-60,183,104,0,21,50,116,170,5,31,0,0,242,1102,966
21:29:04.088,0,5,-9,214,274,-60,183,104,0,21,50,116,170,5,31,0,0,242,1102,966
21:29:04.088,0,3,-117,216,269,-53,173,110,0,25,48,116,172,11,31,0,0,246,2581,1519
21:29:04.088,0,3,-117,216,269,-53,173,110,0,25,48,116,172,11,31,0,0,246,2581,1519
21:29:04.088,0,3,-9,266,252,14,117,110,0,30,46,114,172,18,31,0,0,249,742,1148
21:29:04.088,0,2,-13,273,251,22,94,22,0,39,43,114,172,29,31,0,0,251,339,1016
21:29:04.088,0,2,-23,234,249,-15,33,22,0,31,40,116,172,31,31,0,0,252,865,1764
21:29:04.088,0,18,234,233,249,-16,33,22,0,31,40,116,172,31,31,0,0,252,865,1764
21:29:04.088,0,18,111,227,15,212,12,24,0,29,39,114,172,29,31,0,0,253,790,1897
21:29:04.088,0,25,354,222,271,-49,12,24,0,29,39,114,172,29,31,0,0,253,790,1897
21:29:04.088,0,25,176,228,313,-85,254,26,0,23,39,112,68,23,31,0,0,253,1494,2735
21:29:04.089,0,42,273,237,273,-36,25,26,0,23,39,112,68,23,31,0,0,253,1494,2735
21:29:04.089,0,42,249,222,248,-26,55,26,30,21,28,114,68,21,28,0,0,254,2044,3627
21:29:04.089,0,42,249,222,248,-26,55,26,30,21,28,114,68,21,28,0,0,254,2044,3627
21:29:04.089,0,42,249,222,248,-26,80,26,30,21,28,114,68,21,28,0,0,255,2972,2908
21:29:04.089,0,0,-64,223,254,-31,80,26,30,21,28,114,68,21,28,0,0,255,2972,2908
21:29:04.089,0,0,-81,230,256,-26,102,28,32,13,12,112,0,13,12,0,0,1,3615,2337
21:29:04.599,0,-31,-310,248,256,-8,116,28,32,13,12,112,0,13,12,0,0,1,3615,2337
21:29:04.599,0,-31,-314,249,260,-11,122,28,30,8,7,112,0,8,7,0,0,2,3891,2193
21:29:04.599,0,-31,-314,249,260,-11,122,28,30,8,7,112,0,8,7,0,0,2,3891,2093
21:29:04.601,0,-36,-345,267,258,9,117,28,30,8,7,112,0,8,7,0,0,3,3880,2093
21:29:04.601,0,-36,-587,242,258,-16,96,22,26,9,2,116,0,9,2,0,0,4,3677,838
21:29:04.601,0,5,-21,238,253,-15,70,22,26,9,2,116,0,9,2,0,0,5,3954,2762
21:29:04.601,0,5,47,235,261,-26,40,48,64,6,4,110,6,0,2,0,0,5,2981,1781
21:29:04.601,0,5,47,235,261,-26,40,48,64,6,4,110,6,0,2,0,0,5,2981,1781
21:29:04.601,0,5,47,235,261,-26,40,48,64,6,4,110,6,0,2,0,0,5,2058,2643
21:29:04.601,0,22,310,250,244,6,0,48,64,6,4,110,6,0,2,0,0,5,2058,2643
21:29:04.602,0,21,188,257,267,-10,204,36,36,10,0,116,0,0,0,0,0,5,2990,3133
21:29:04.602,0,9,131,266,313,-47,171,36,36,10,0,116,0,0,0,0,0,4,2983,2177
21:29:04.602,0,9,150,252,354,-102,147,40,40,11,4,114,0,0,0,0,0,3,3219,1360
21:29:04.602,0,9,153,266,359,-93,143,40,40,11,4,114,0,0,0,0,0,2,2981,1086
21:29:04.602,0,9,159,268,340,-72,150,40,44,10,3,114,0,0,0,0,0,1,1936,159
21:29:04.602,0,11,183,269,320,-51,160,40,44,10,3,114,0,0,0,0,0,0,1676,316
21:29:04.602,0,11,183,269,320,-51,160,40,44,10,3,114,0,0,0,0,0,0,1676,316
21:29:04.602,0,11,183,269,320,-51,160,40,44,10,3,114,0,0,0,0,0,0,1676,316
21:29:04.602,0,11,171,252,271,-19,191,40,44,10,3,114,0,0,0,0,0,255,1853,1066
21:29:04.602,0,14,188,247,242,5,0,46,60,6,13,116,0,0,1,0,0,255,1806,1614
21:29:04.603,0,14,174,240,258,-18,34,34,52,0,6,116,0,0,0,0,0,255,1855,1304
21:29:04.603,0,7,70,245,255,-10,46,34,52,0,6,116,0,0,0,0,0,0,1891,1119
21:29:04.603,0,7,69,249,256,-7,48,30,34,0,0,116,0,0,0,0,0,0,1743,1050
21:29:04.603,0,7,69,249,256,-7,48,30,34,0,0,116,0,0,0,0,0,0,1743,1050
21:29:04.603,0,7,69,249,256,-7,48,30,34,0,0,116,0,0,0,0,0,0,1743,1050
21:29:04.603,0,7,69,280,246,34,64,30,34,0,0,116,0,0,0,0,0,1,1007,1223
21:29:04.603,0,8,-15,288,265,23,89,102,104,8,23,114,124,0,18,0,0,2,1922,1680
21:29:04.603,0,2,17,217,186,31,252,80,80,19,10,102,172,7,10,0,0,6,0,0
21:29:04.603,0,-19,-78,192,138,54,188,110,46,32,23,82,160,26,23,0,0,3,0,0
21:29:05.116,0,-21,-144,147,142,5,253,0,52,34,15,76,120,31,15,0,0,254,0,0
21:29:05.116,0,-48,-303,127,114,13,216,0,64,28,4,64,38,28,4,0,0,250,0,0
21:29:05.116,0,-48,-282,112,86,26,189,0,76,22,0,52,188,22,0,0,0,245,0,0
21:29:05.116,0,-65,-613,83,58,25,171,0,80,20,0,48,188,20,0,0,0,236,0,0
21:29:05.634,0,-61,-380,63,40,23,198,26,50,42,0,100,22,31,0,0,0,227,0,0
21:29:05.634,0,-71,-460,41,28,13,211,28,54,41,1,100,34,31,0,0,0,221,0,0
21:29:05.634,0,-65,-410,24,17,7,236,28,50,39,2,100,44,31,0,0,0,217,0,0
21:29:05.634,0,-61,-419,6,5,1,249,28,54,38,3,100,48,31,0,0,0,215,0,0
21:29:15.569,0,-60,-423,-4,-2,-2,3,28,56,38,3,100,44,31,0,0,0,217,0,0
21:29:15.569,0,-56,-364,20,28,-8,222,0,42,45,2,112,38,31,0,0,0,218,0,0
21:29:15.569,0,-57,-373,2,5,-3,225,0,26,45,0,116,58,31,0,0,0,214,0,0
21:29:16.101,0,-52,-331,0,5,-5,216,0,20,41,0,114,78,31,0,0,0,210,0,0
21:29:16.101,0,-48,-274,0,9,-9,179,0,0,0,0,114,78,0,0,0,0,203,0,0
21:29:16.618,0,43,318,-6,0,-6,235,76,106,0,11,52,188,0,11,0,0,181,0,0
